CHN,China,True,IT.CEL.SETS.P2,DRI,2015,92.5401171363348
CHN,China,True,IT.CEL.SETS.P2,DRI,2016,97.2138770934621
CHN,China,True,IT.CEL.SETS.P2,DRI,2017,104.073181609424
CHN,China,True,IT.CEL.SETS.P2,DRI,2018,116.229125477063
CHN,China,True,IT.CEL.SETS.P2,DRI,2019,122.670391850252
CHN,China,True,IT.CEL.SETS.P2,DRI,2020,120.496715387079
CHN,China,True,IT.CEL.SETS.P2,DRI,2021,121.491918368395
CHN,China,True,IT.CEL.SETS.P2,DRI,2022,124.195248970763
CHN,China,True,IT.CEL.SETS.P2,DRI,2023,128.247014127486
CHN,China,True,IT.CEL.SETS.P2,DRI,2024,131.753932036803
CHN,China,True,IT.NET.BBND.P2,DRI,2015,19.8437947555032
CHN,China,True,IT.NET.BBND.P2,DRI,2016,22.9761329915729
CHN,China,True,IT.NET.BBND.P2,DRI,2017,27.9101271418763
CHN,China,True,IT.NET.BBND.P2,DRI,2018,28.7089097131815
CHN,China,True,IT.NET.BBND.P2,DRI,2019,31.5611222411202
CHN,China,True,IT.NET.BBND.P2,DRI,2020,33.9069794578039
CHN,China,True,IT.NET.BBND.P2,DRI,2021,37.5611751315805
CHN,China,True,IT.NET.BBND.P2,DRI,2022,41.3736197056022
CHN,China,True,IT.NET.BBND.P2,DRI,2023,44.728886496649
CHN,China,True,IT.NET.BBND.P2,DRI,2024,47.1933952081567
CHN,China,True,IT.NET.USER.ZS,DRI,2015,50.29999924
CHN,China,True,IT.NET.USER.ZS,DRI,2016,53.2
CHN,China,True,IT.NET.USER.ZS,DRI,2017,54.3
CHN,China,True,IT.NET.USER.ZS,DRI,2018,65.35839844
CHN,China,True,IT.NET.USER.ZS,DRI,2019,64.080881297515
CHN,China,True,IT.NET.USER.ZS,DRI,2020,70.05275998
CHN,China,True,IT.NET.USER.ZS,DRI,2021,73.05323517
CHN,China,True,IT.NET.USER.ZS,DRI,2022,75.61131603
CHN,China,True,IT.NET.USER.ZS,DRI,2023,90.6
CHN,China,True,IT.NET.USER.ZS,DRI,2024,92.0
CHN,China,True,SL.AGR.EMPL.ZS,EVI,2015,28.3004717268993
CHN,China,True,SL.AGR.EMPL.ZS,EVI,2016,27.4221249065299
CHN,China,True,SL.AGR.EMPL.ZS,EVI,2017,26.6835826166189
CHN,China,True,SL.AGR.EMPL.ZS,EVI,2018,25.7514953274594
CHN,China,True,SL.AGR.EMPL.ZS,EVI,2019,24.7219896643701
CHN,China,True,SL.AGR.EMPL.ZS,EVI,2020,23.5998596785258
CHN,China,True,SL.AGR.EMPL.ZS,EVI,2021,22.8687780404897
CHN,China,True,SL.AGR.EMPL.ZS,EVI,2022,24.0801085619325
CHN,China,True,SL.AGR.EMPL.ZS,EVI,2023,22.8008772042629
CHN,China,True,SL.AGR.EMPL.ZS,EVI,2024,22.216498294765
CHN,China,True,SL.IND.EMPL.ZS,EVI,2015,29.2998175326072
CHN,China,True,SL.IND.EMPL.ZS,EVI,2016,29.6444492814543
CHN,China,True,SL.IND.EMPL.ZS,EVI,2017,29.9706060456204
CHN,China,True,SL.IND.EMPL.ZS,EVI,2018,30.3637847933889
CHN,China,True,SL.IND.EMPL.ZS,EVI,2019,30.7587386897164
CHN,China,True,SL.IND.EMPL.ZS,EVI,2020,31.1322866175828
CHN,China,True,SL.IND.EMPL.ZS,EVI,2021,31.5342449659426
CHN,China,True,SL.IND.EMPL.ZS,EVI,2022,30.9312938882327
CHN,China,True,SL.IND.EMPL.ZS,EVI,2023,31.4267217641686
CHN,China,True,SL.IND.EMPL.ZS,EVI,2024,31.6324437528704
CHN,China,True,SL.SRV.EMPL.ZS,EVI,2015,42.3997107404935
CHN,China,True,SL.SRV.EMPL.ZS,EVI,2016,42.9334259446319
CHN,China,True,SL.SRV.EMPL.ZS,EVI,2017,43.3458036346466
CHN,China,True,SL.SRV.EMPL.ZS,EVI,2018,43.8847198791517
CHN,China,True,SL.SRV.EMPL.ZS,EVI,2019,44.5192735154599
CHN,China,True,SL.SRV.EMPL.ZS,EVI,2020,45.2678537038915
CHN,China,True,SL.SRV.EMPL.ZS,EVI,2021,45.5969845625275
CHN,China,True,SL.SRV.EMPL.ZS,EVI,2022,44.9886051327682
CHN,China,True,SL.SRV.EMPL.ZS,EVI,2023,45.7723935112505
CHN,China,True,SL.SRV.EMPL.ZS,EVI,2024,46.1510599840955
CHN,China,True,SL.UEM.1524.ZS,EVI,2015,10.68
CHN,China,True,SL.UEM.1524.ZS,EVI,2016,10.574
CHN,China,True,SL.UEM.1524.ZS,EVI,2017,10.431
CHN,China,True,SL.UEM.1524.ZS,EVI,2018,9.674
CHN,China,True,SL.UEM.1524.ZS,EVI,2019,10.681
CHN,China,True,SL.UEM.1524.ZS,EVI,2020,12.65
CHN,China,True,SL.UEM.1524.ZS,EVI,2021,12.404
CHN,China,True,SL.UEM.1524.ZS,EVI,2022,14.673
CHN,China,True,SL.UEM.1524.ZS,EVI,2023,15.562
CHN,China,True,SL.UEM.1524.ZS,EVI,2024,15.044
CHN,China,True,SL.UEM.TOTL.ZS,EVI,2015,4.65
CHN,China,True,SL.UEM.TOTL.ZS,EVI,2016,4.56
CHN,China,True,SL.UEM.TOTL.ZS,EVI,2017,4.47
CHN,China,True,SL.UEM.TOTL.ZS,EVI,2018,4.31
CHN,China,True,SL.UEM.TOTL.ZS,EVI,2019,4.56
CHN,China,True,SL.UEM.TOTL.ZS,EVI,2020,5.0
CHN,China,True,SL.UEM.TOTL.ZS,EVI,2021,4.55
CHN,China,True,SL.UEM.TOTL.ZS,EVI,2022,4.98
CHN,China,True,SL.UEM.TOTL.ZS,EVI,2023,4.67
CHN,China,True,SL.UEM.TOTL.ZS,EVI,2024,4.59
IDN,Indonesia,False,IT.CEL.SETS.P2,DRI,2015,129.468797674053
IDN,Indonesia,False,IT.CEL.SETS.P2,DRI,2016,145.704251250337
IDN,Indonesia,False,IT.CEL.SETS.P2,DRI,2017,162.782511760443
IDN,Indonesia,False,IT.CEL.SETS.P2,DRI,2018,118.330216938024
IDN,Indonesia,False,IT.CEL.SETS.P2,DRI,2019,125.244348145809
IDN,Indonesia,False,IT.CEL.SETS.P2,DRI,2020,129.40362112725
IDN,Indonesia,False,IT.CEL.SETS.P2,DRI,2021,132.199444256099
IDN,Indonesia,False,IT.CEL.SETS.P2,DRI,2022,122.873012230307
IDN,Indonesia,False,IT.CEL.SETS.P2,DRI,2023,125.238194847046
IDN,Indonesia,False,IT.CEL.SETS.P2,DRI,2024,122.514946500491
IDN,Indonesia,False,IT.NET.BBND.P2,DRI,2015,1.52139473860752
IDN,Indonesia,False,IT.NET.BBND.P2,DRI,2016,1.9753784545485
IDN,Indonesia,False,IT.NET.BBND.P2,DRI,2017,2.32504234259027
IDN,Indonesia,False,IT.NET.BBND.P2,DRI,2018,3.28729591276809
IDN,Indonesia,False,IT.NET.BBND.P2,DRI,2019,3.77422560918071
IDN,Indonesia,False,IT.NET.BBND.P2,DRI,2020,3.92993769121646
IDN,Indonesia,False,IT.NET.BBND.P2,DRI,2021,4.4874632789818
IDN,Indonesia,False,IT.NET.BBND.P2,DRI,2022,4.82151507878823
IDN,Indonesia,False,IT.NET.BBND.P2,DRI,2023,4.81663955789733
IDN,Indonesia,False,IT.NET.BBND.P2,DRI,2024,4.92196685438436
IDN,Indonesia,False,IT.NET.USER.ZS,DRI,2015,22.062742603379
IDN,Indonesia,False,IT.NET.USER.ZS,DRI,2016,25.447353701827
IDN,Indonesia,False,IT.NET.USER.ZS,DRI,2017,32.335806250688
IDN,Indonesia,False,IT.NET.USER.ZS,DRI,2018,39.9046386385762
IDN,Indonesia,False,IT.NET.USER.ZS,DRI,2019,47.6906489788375
IDN,Indonesia,False,IT.NET.USER.ZS,DRI,2020,53.72649449
IDN,Indonesia,False,IT.NET.USER.ZS,DRI,2021,62.10447842
IDN,Indonesia,False,IT.NET.USER.ZS,DRI,2022,66.48461277
IDN,Indonesia,False,IT.NET.USER.ZS,DRI,2023,69.20836554
IDN,Indonesia,False,IT.NET.USER.ZS,DRI,2024,72.78075544
IDN,Indonesia,False,SL.AGR.EMPL.ZS,EVI,2015,32.7770295687741
IDN,Indonesia,False,SL.AGR.EMPL.ZS,EVI,2016,31.5553329221477
IDN,Indonesia,False,SL.AGR.EMPL.ZS,EVI,2017,30.5222024429742
IDN,Indonesia,False,SL.AGR.EMPL.ZS,EVI,2018,29.4464900769988
IDN,Indonesia,False,SL.AGR.EMPL.ZS,EVI,2019,28.4631336137713
IDN,Indonesia,False,SL.AGR.EMPL.ZS,EVI,2020,29.3087481652973
IDN,Indonesia,False,SL.AGR.EMPL.ZS,EVI,2021,28.9871998196831
IDN,Indonesia,False,SL.AGR.EMPL.ZS,EVI,2022,29.2848629874109
IDN,Indonesia,False,SL.AGR.EMPL.ZS,EVI,2023,28.7792280576249
IDN,Indonesia,False,SL.AGR.EMPL.ZS,EVI,2024,27.9600749776458
IDN,Indonesia,False,SL.IND.EMPL.ZS,EVI,2015,22.1218830739339
IDN,Indonesia,False,SL.IND.EMPL.ZS,EVI,2016,21.8107246597619
IDN,Indonesia,False,SL.IND.EMPL.ZS,EVI,2017,22.1220312359547
IDN,Indonesia,False,SL.IND.EMPL.ZS,EVI,2018,22.3847562001086
IDN,Indonesia,False,SL.IND.EMPL.ZS,EVI,2019,22.4012342408394
IDN,Indonesia,False,SL.IND.EMPL.ZS,EVI,2020,21.6344047291476
IDN,Indonesia,False,SL.IND.EMPL.ZS,EVI,2021,21.7614308372694
IDN,Indonesia,False,SL.IND.EMPL.ZS,EVI,2022,21.8679677163131
IDN,Indonesia,False,SL.IND.EMPL.ZS,EVI,2023,21.951549784263
IDN,Indonesia,False,SL.IND.EMPL.ZS,EVI,2024,22.2861723546005
IDN,Indonesia,False,SL.SRV.EMPL.ZS,EVI,2015,45.1010964067699
IDN,Indonesia,False,SL.SRV.EMPL.ZS,EVI,2016,46.6339424180905
IDN,Indonesia,False,SL.SRV.EMPL.ZS,EVI,2017,47.3557647336161
IDN,Indonesia,False,SL.SRV.EMPL.ZS,EVI,2018,48.1687622744529
IDN,Indonesia,False,SL.SRV.EMPL.ZS,EVI,2019,49.1356329001475
IDN,Indonesia,False,SL.SRV.EMPL.ZS,EVI,2020,49.0568463452771
IDN,Indonesia,False,SL.SRV.EMPL.ZS,EVI,2021,49.2513693430476
IDN,Indonesia,False,SL.SRV.EMPL.ZS,EVI,2022,48.8471685544592
IDN,Indonesia,False,SL.SRV.EMPL.ZS,EVI,2023,49.2692149419358
IDN,Indonesia,False,SL.SRV.EMPL.ZS,EVI,2024,49.7537526677536
IDN,Indonesia,False,SL.UEM.1524.ZS,EVI,2015,17.224
IDN,Indonesia,False,SL.UEM.1524.ZS,EVI,2016,15.997
IDN,Indonesia,False,SL.UEM.1524.ZS,EVI,2017,14.553
IDN,Indonesia,False,SL.UEM.1524.ZS,EVI,2018,16.369
IDN,Indonesia,False,SL.UEM.1524.ZS,EVI,2019,13.577
IDN,Indonesia,False,SL.UEM.1524.ZS,EVI,2020,14.773
IDN,Indonesia,False,SL.UEM.1524.ZS,EVI,2021,13.8
IDN,Indonesia,False,SL.UEM.1524.ZS,EVI,2022,14.054
IDN,Indonesia,False,SL.UEM.1524.ZS,EVI,2023,13.015
IDN,Indonesia,False,SL.UEM.1524.ZS,EVI,2024,13.075
IDN,Indonesia,False,SL.UEM.TOTL.ZS,EVI,2015,4.514
IDN,Indonesia,False,SL.UEM.TOTL.ZS,EVI,2016,4.301
IDN,Indonesia,False,SL.UEM.TOTL.ZS,EVI,2017,3.783
IDN,Indonesia,False,SL.UEM.TOTL.ZS,EVI,2018,4.387
IDN,Indonesia,False,SL.UEM.TOTL.ZS,EVI,2019,3.59
IDN,Indonesia,False,SL.UEM.TOTL.ZS,EVI,2020,4.255
IDN,Indonesia,False,SL.UEM.TOTL.ZS,EVI,2021,3.827
IDN,Indonesia,False,SL.UEM.TOTL.ZS,EVI,2022,3.462
IDN,Indonesia,False,SL.UEM.TOTL.ZS,EVI,2023,3.308
IDN,Indonesia,False,SL.UEM.TOTL.ZS,EVI,2024,3.301
KHM,Cambodia,False,IT.CEL.SETS.P2,DRI,2015,133.45841400103
KHM,Cambodia,False,IT.CEL.SETS.P2,DRI,2016,125.627644524442
KHM,Cambodia,False,IT.CEL.SETS.P2,DRI,2017,115.551192369591
KHM,Cambodia,False,IT.CEL.SETS.P2,DRI,2018,119.309943480982
KHM,Cambodia,False,IT.CEL.SETS.P2,DRI,2019,129.957441474291
KHM,Cambodia,False,IT.CEL.SETS.P2,DRI,2020,126.075894769858
KHM,Cambodia,False,IT.CEL.SETS.P2,DRI,2021,117.234785164989
KHM,Cambodia,False,IT.CEL.SETS.P2,DRI,2022,113.391506572248
KHM,Cambodia,False,IT.CEL.SETS.P2,DRI,2023,120.80911943838
KHM,Cambodia,False,IT.CEL.SETS.P2,DRI,2024,116.091961125929
KHM,Cambodia,False,IT.NET.BBND.P2,DRI,2015,0.534485428160887
KHM,Cambodia,False,IT.NET.BBND.P2,DRI,2016,0.615922622642822
KHM,Cambodia,False,IT.NET.BBND.P2,DRI,2017,0.831393686402579
KHM,Cambodia,False,IT.NET.BBND.P2,DRI,2018,1.02122815035674
KHM,Cambodia,False,IT.NET.BBND.P2,DRI,2019,1.11871609188205
KHM,Cambodia,False,IT.NET.BBND.P2,DRI,2020,1.39770029835926
KHM,Cambodia,False,IT.NET.BBND.P2,DRI,2021,1.98089406311481
KHM,Cambodia,False,IT.NET.BBND.P2,DRI,2022,2.9638308346303
KHM,Cambodia,False,IT.NET.BBND.P2,DRI,2023,3.64181801068419
KHM,Cambodia,False,IT.NET.BBND.P2,DRI,2024,4.14566160137529
KHM,Cambodia,False,IT.NET.USER.ZS,DRI,2015,6.43319107021405
KHM,Cambodia,False,IT.NET.USER.ZS,DRI,2016,32.3984517141849
KHM,Cambodia,False,IT.NET.USER.ZS,DRI,2017,32.9002785437986
KHM,Cambodia,False,IT.NET.USER.ZS,DRI,2018,65.0
KHM,Cambodia,False,IT.NET.USER.ZS,DRI,2019,52.305878224498
KHM,Cambodia,False,IT.NET.USER.ZS,DRI,2020,56.37590027
KHM,Cambodia,False,IT.NET.USER.ZS,DRI,2021,60.76269913
KHM,Cambodia,False,IT.NET.USER.ZS,DRI,2022,65.49079895
KHM,Cambodia,False,IT.NET.USER.ZS,DRI,2023,68.92549896
KHM,Cambodia,False,IT.NET.USER.ZS,DRI,2024,68.47530365
KHM,Cambodia,False,SL.AGR.EMPL.ZS,EVI,2015,42.4684239936853
KHM,Cambodia,False,SL.AGR.EMPL.ZS,EVI,2016,37.5402628887708
KHM,Cambodia,False,SL.AGR.EMPL.ZS,EVI,2017,38.206389128721
KHM,Cambodia,False,SL.AGR.EMPL.ZS,EVI,2018,38.999256028288
KHM,Cambodia,False,SL.AGR.EMPL.ZS,EVI,2019,39.8680962570644
KHM,Cambodia,False,SL.AGR.EMPL.ZS,EVI,2020,36.8999777254893
KHM,Cambodia,False,SL.AGR.EMPL.ZS,EVI,2021,37.1315873016896
KHM,Cambodia,False,SL.AGR.EMPL.ZS,EVI,2022,36.1906415430912
KHM,Cambodia,False,SL.AGR.EMPL.ZS,EVI,2023,35.304617697339
KHM,Cambodia,False,SL.AGR.EMPL.ZS,EVI,2024,34.1649557689114
KHM,Cambodia,False,SL.IND.EMPL.ZS,EVI,2015,24.9213861091188
KHM,Cambodia,False,SL.IND.EMPL.ZS,EVI,2016,25.7634256473618
KHM,Cambodia,False,SL.IND.EMPL.ZS,EVI,2017,25.4909057699602
KHM,Cambodia,False,SL.IND.EMPL.ZS,EVI,2018,25.0168550948899
KHM,Cambodia,False,SL.IND.EMPL.ZS,EVI,2019,24.4731410912226
KHM,Cambodia,False,SL.IND.EMPL.ZS,EVI,2020,25.1450484861575
KHM,Cambodia,False,SL.IND.EMPL.ZS,EVI,2021,26.4143976143543
KHM,Cambodia,False,SL.IND.EMPL.ZS,EVI,2022,27.0439382363786
KHM,Cambodia,False,SL.IND.EMPL.ZS,EVI,2023,27.5630254285235
KHM,Cambodia,False,SL.IND.EMPL.ZS,EVI,2024,28.4335285509441
KHM,Cambodia,False,SL.SRV.EMPL.ZS,EVI,2015,32.6102017562834
KHM,Cambodia,False,SL.SRV.EMPL.ZS,EVI,2016,36.696322866151
KHM,Cambodia,False,SL.SRV.EMPL.ZS,EVI,2017,36.3027275126302
KHM,Cambodia,False,SL.SRV.EMPL.ZS,EVI,2018,35.9839108164185
KHM,Cambodia,False,SL.SRV.EMPL.ZS,EVI,2019,35.658762651713
KHM,Cambodia,False,SL.SRV.EMPL.ZS,EVI,2020,37.9549737883533
KHM,Cambodia,False,SL.SRV.EMPL.ZS,EVI,2021,36.4540258308825
KHM,Cambodia,False,SL.SRV.EMPL.ZS,EVI,2022,36.765430397567
KHM,Cambodia,False,SL.SRV.EMPL.ZS,EVI,2023,37.1323568741375
KHM,Cambodia,False,SL.SRV.EMPL.ZS,EVI,2024,37.4015058521057
KHM,Cambodia,False,SL.UEM.1524.ZS,EVI,2015,0.744
KHM,Cambodia,False,SL.UEM.1524.ZS,EVI,2016,1.137
KHM,Cambodia,False,SL.UEM.1524.ZS,EVI,2017,0.382
KHM,Cambodia,False,SL.UEM.1524.ZS,EVI,2018,0.38
KHM,Cambodia,False,SL.UEM.1524.ZS,EVI,2019,0.378
KHM,Cambodia,False,SL.UEM.1524.ZS,EVI,2020,0.474
KHM,Cambodia,False,SL.UEM.1524.ZS,EVI,2021,0.83
KHM,Cambodia,False,SL.UEM.1524.ZS,EVI,2022,0.687
KHM,Cambodia,False,SL.UEM.1524.ZS,EVI,2023,0.703
KHM,Cambodia,False,SL.UEM.1524.ZS,EVI,2024,0.704
KHM,Cambodia,False,SL.UEM.TOTL.ZS,EVI,2015,0.393
KHM,Cambodia,False,SL.UEM.TOTL.ZS,EVI,2016,0.716
KHM,Cambodia,False,SL.UEM.TOTL.ZS,EVI,2017,0.141
KHM,Cambodia,False,SL.UEM.TOTL.ZS,EVI,2018,0.129
KHM,Cambodia,False,SL.UEM.TOTL.ZS,EVI,2019,0.119
KHM,Cambodia,False,SL.UEM.TOTL.ZS,EVI,2020,0.172
KHM,Cambodia,False,SL.UEM.TOTL.ZS,EVI,2021,0.396
KHM,Cambodia,False,SL.UEM.TOTL.ZS,EVI,2022,0.245
KHM,Cambodia,False,SL.UEM.TOTL.ZS,EVI,2023,0.256
KHM,Cambodia,False,SL.UEM.TOTL.ZS,EVI,2024,0.254
LAO,Laos,False,IT.CEL.SETS.P2,DRI,2015,54.7979496136596
LAO,Laos,False,IT.CEL.SETS.P2,DRI,2016,57.2966195875928
LAO,Laos,False,IT.CEL.SETS.P2,DRI,2017,52.8887895907566
LAO,Laos,False,IT.CEL.SETS.P2,DRI,2018,51.3792491489602
LAO,Laos,False,IT.CEL.SETS.P2,DRI,2019,64.0668582946144
LAO,Laos,False,IT.CEL.SETS.P2,DRI,2020,63.1139885984314
LAO,Laos,False,IT.CEL.SETS.P2,DRI,2021,64.7101497693472
LAO,Laos,False,IT.CEL.SETS.P2,DRI,2022,63.3546046458219
LAO,Laos,False,IT.CEL.SETS.P2,DRI,2023,64.7588066942788
LAO,Laos,False,IT.CEL.SETS.P2,DRI,2024,64.7588066942788
LAO,Laos,False,IT.NET.BBND.P2,DRI,2015,0.213918838751508
LAO,Laos,False,IT.NET.BBND.P2,DRI,2016,0.353548994456637
LAO,Laos,False,IT.NET.BBND.P2,DRI,2017,0.387808918792952
LAO,Laos,False,IT.NET.BBND.P2,DRI,2018,0.636626171692238
LAO,Laos,False,IT.NET.BBND.P2,DRI,2019,1.0539352904733
LAO,Laos,False,IT.NET.BBND.P2,DRI,2020,1.67210846259045
LAO,Laos,False,IT.NET.BBND.P2,DRI,2021,2.0226898696049
LAO,Laos,False,IT.NET.BBND.P2,DRI,2022,2.38186047453058
LAO,Laos,False,IT.NET.BBND.P2,DRI,2023,2.72021122524182
LAO,Laos,False,IT.NET.BBND.P2,DRI,2024,2.72021122524182
LAO,Laos,False,IT.NET.USER.ZS,DRI,2015,18.20000076
LAO,Laos,False,IT.NET.USER.ZS,DRI,2016,21.87000084
LAO,Laos,False,IT.NET.USER.ZS,DRI,2017,25.51040077
LAO,Laos,False,IT.NET.USER.ZS,DRI,2018,36.27130127
LAO,Laos,False,IT.NET.USER.ZS,DRI,2019,47.03229904
LAO,Laos,False,IT.NET.USER.ZS,DRI,2020,54.0
LAO,Laos,False,IT.NET.USER.ZS,DRI,2021,62.0
LAO,Laos,False,IT.NET.USER.ZS,DRI,2022,64.54000092
LAO,Laos,False,IT.NET.USER.ZS,DRI,2023,64.39800262
LAO,Laos,False,IT.NET.USER.ZS,DRI,2024,65.59269714
LAO,Laos,False,SL.AGR.EMPL.ZS,EVI,2015,72.9649532307863
LAO,Laos,False,SL.AGR.EMPL.ZS,EVI,2016,71.8509145672025
LAO,Laos,False,SL.AGR.EMPL.ZS,EVI,2017,70.5291019202622
LAO,Laos,False,SL.AGR.EMPL.ZS,EVI,2018,69.8638841171341
LAO,Laos,False,SL.AGR.EMPL.ZS,EVI,2019,69.3587576077181
LAO,Laos,False,SL.AGR.EMPL.ZS,EVI,2020,69.9552282806947
LAO,Laos,False,SL.AGR.EMPL.ZS,EVI,2021,69.8577324066029
LAO,Laos,False,SL.AGR.EMPL.ZS,EVI,2022,69.5659733337719
LAO,Laos,False,SL.AGR.EMPL.ZS,EVI,2023,69.3876980673051
LAO,Laos,False,SL.AGR.EMPL.ZS,EVI,2024,68.9120737008234
LAO,Laos,False,SL.IND.EMPL.ZS,EVI,2015,6.27582116644838
LAO,Laos,False,SL.IND.EMPL.ZS,EVI,2016,6.37590963228787
LAO,Laos,False,SL.IND.EMPL.ZS,EVI,2017,6.51502934586047
LAO,Laos,False,SL.IND.EMPL.ZS,EVI,2018,6.79373611797991
LAO,Laos,False,SL.IND.EMPL.ZS,EVI,2019,7.00855639208981
LAO,Laos,False,SL.IND.EMPL.ZS,EVI,2020,6.9752200520285
LAO,Laos,False,SL.IND.EMPL.ZS,EVI,2021,7.09983537042888
LAO,Laos,False,SL.IND.EMPL.ZS,EVI,2022,7.17840668729181
LAO,Laos,False,SL.IND.EMPL.ZS,EVI,2023,7.24890970605785
LAO,Laos,False,SL.IND.EMPL.ZS,EVI,2024,7.39985422237704
LAO,Laos,False,SL.SRV.EMPL.ZS,EVI,2015,20.7592256027653
LAO,Laos,False,SL.SRV.EMPL.ZS,EVI,2016,21.7731758005097
LAO,Laos,False,SL.SRV.EMPL.ZS,EVI,2017,22.9559052518719
LAO,Laos,False,SL.SRV.EMPL.ZS,EVI,2018,23.342344814088
LAO,Laos,False,SL.SRV.EMPL.ZS,EVI,2019,23.6326860001921
LAO,Laos,False,SL.SRV.EMPL.ZS,EVI,2020,23.0695516672768
LAO,Laos,False,SL.SRV.EMPL.ZS,EVI,2021,23.0424322229682
LAO,Laos,False,SL.SRV.EMPL.ZS,EVI,2022,23.2556199789363
LAO,Laos,False,SL.SRV.EMPL.ZS,EVI,2023,23.3633634152757
LAO,Laos,False,SL.SRV.EMPL.ZS,EVI,2024,23.6880438034049
LAO,Laos,False,SL.UEM.1524.ZS,EVI,2015,3.899
LAO,Laos,False,SL.UEM.1524.ZS,EVI,2016,4.836
LAO,Laos,False,SL.UEM.1524.ZS,EVI,2017,5.779
LAO,Laos,False,SL.UEM.1524.ZS,EVI,2018,5.128
LAO,Laos,False,SL.UEM.1524.ZS,EVI,2019,4.472
LAO,Laos,False,SL.UEM.1524.ZS,EVI,2020,4.237
LAO,Laos,False,SL.UEM.1524.ZS,EVI,2021,3.326
LAO,Laos,False,SL.UEM.1524.ZS,EVI,2022,2.184
LAO,Laos,False,SL.UEM.1524.ZS,EVI,2023,2.176
LAO,Laos,False,SL.UEM.1524.ZS,EVI,2024,2.178
LAO,Laos,False,SL.UEM.TOTL.ZS,EVI,2015,2.006
LAO,Laos,False,SL.UEM.TOTL.ZS,EVI,2016,2.634
LAO,Laos,False,SL.UEM.TOTL.ZS,EVI,2017,3.268
LAO,Laos,False,SL.UEM.TOTL.ZS,EVI,2018,2.897
LAO,Laos,False,SL.UEM.TOTL.ZS,EVI,2019,2.531
LAO,Laos,False,SL.UEM.TOTL.ZS,EVI,2020,2.349
LAO,Laos,False,SL.UEM.TOTL.ZS,EVI,2021,2.08
LAO,Laos,False,SL.UEM.TOTL.ZS,EVI,2022,1.209
LAO,Laos,False,SL.UEM.TOTL.ZS,EVI,2023,1.186
LAO,Laos,False,SL.UEM.TOTL.ZS,EVI,2024,1.174
MYS,Malaysia,False,IT.CEL.SETS.P2,DRI,2015,141.210531313909
MYS,Malaysia,False,IT.CEL.SETS.P2,DRI,2016,136.725167298764
MYS,Malaysia,False,IT.CEL.SETS.P2,DRI,2017,130.853522804244
MYS,Malaysia,False,IT.CEL.SETS.P2,DRI,2018,128.873150399987
MYS,Malaysia,False,IT.CEL.SETS.P2,DRI,2019,133.372921941941
MYS,Malaysia,False,IT.CEL.SETS.P2,DRI,2020,129.017911652905
MYS,Malaysia,False,IT.CEL.SETS.P2,DRI,2021,137.684938559871
MYS,Malaysia,False,IT.CEL.SETS.P2,DRI,2022,138.208441079076
MYS,Malaysia,False,IT.CEL.SETS.P2,DRI,2023,142.7320920639
MYS,Malaysia,False,IT.CEL.SETS.P2,DRI,2024,139.664651283564
MYS,Malaysia,False,IT.NET.BBND.P2,DRI,2015,9.80955980953099
MYS,Malaysia,False,IT.NET.BBND.P2,DRI,2016,8.55245970508987
MYS,Malaysia,False,IT.NET.BBND.P2,DRI,2017,8.30705146836206
MYS,Malaysia,False,IT.NET.BBND.P2,DRI,2018,8.19179819298533
MYS,Malaysia,False,IT.NET.BBND.P2,DRI,2019,8.86497357882019
MYS,Malaysia,False,IT.NET.BBND.P2,DRI,2020,9.91101742902637
MYS,Malaysia,False,IT.NET.BBND.P2,DRI,2021,10.8921782282506
MYS,Malaysia,False,IT.NET.BBND.P2,DRI,2022,12.1753566089982
MYS,Malaysia,False,IT.NET.BBND.P2,DRI,2023,13.0287000355119
MYS,Malaysia,False,IT.NET.BBND.P2,DRI,2024,13.5464432669708
MYS,Malaysia,False,IT.NET.USER.ZS,DRI,2015,71.0640678111957
MYS,Malaysia,False,IT.NET.USER.ZS,DRI,2016,78.7883099275229
MYS,Malaysia,False,IT.NET.USER.ZS,DRI,2017,80.1404790103961
MYS,Malaysia,False,IT.NET.USER.ZS,DRI,2018,81.2010486181174
MYS,Malaysia,False,IT.NET.USER.ZS,DRI,2019,84.1871450078281
MYS,Malaysia,False,IT.NET.USER.ZS,DRI,2020,89.55501192
MYS,Malaysia,False,IT.NET.USER.ZS,DRI,2021,96.7514278
MYS,Malaysia,False,IT.NET.USER.ZS,DRI,2022,97.3986404
MYS,Malaysia,False,IT.NET.USER.ZS,DRI,2023,97.69272633
MYS,Malaysia,False,IT.NET.USER.ZS,DRI,2024,98.0206059
MYS,Malaysia,False,SL.AGR.EMPL.ZS,EVI,2015,12.4690778902687
MYS,Malaysia,False,SL.AGR.EMPL.ZS,EVI,2016,11.3671005610583
MYS,Malaysia,False,SL.AGR.EMPL.ZS,EVI,2017,11.2939340883286
MYS,Malaysia,False,SL.AGR.EMPL.ZS,EVI,2018,10.6274389987205
MYS,Malaysia,False,SL.AGR.EMPL.ZS,EVI,2019,10.2240384296119
MYS,Malaysia,False,SL.AGR.EMPL.ZS,EVI,2020,10.470225235867
MYS,Malaysia,False,SL.AGR.EMPL.ZS,EVI,2021,10.2892948363062
MYS,Malaysia,False,SL.AGR.EMPL.ZS,EVI,2022,10.0105928565176
MYS,Malaysia,False,SL.AGR.EMPL.ZS,EVI,2023,9.74966658350567
MYS,Malaysia,False,SL.AGR.EMPL.ZS,EVI,2024,9.43694338106628
MYS,Malaysia,False,SL.IND.EMPL.ZS,EVI,2015,27.5188412788598
MYS,Malaysia,False,SL.IND.EMPL.ZS,EVI,2016,27.4867972058341
MYS,Malaysia,False,SL.IND.EMPL.ZS,EVI,2017,27.7174531720201
MYS,Malaysia,False,SL.IND.EMPL.ZS,EVI,2018,27.1110391043493
MYS,Malaysia,False,SL.IND.EMPL.ZS,EVI,2019,27.9242134883929
MYS,Malaysia,False,SL.IND.EMPL.ZS,EVI,2020,26.1668675751684
MYS,Malaysia,False,SL.IND.EMPL.ZS,EVI,2021,25.9296867517211
MYS,Malaysia,False,SL.IND.EMPL.ZS,EVI,2022,26.0718420292351
MYS,Malaysia,False,SL.IND.EMPL.ZS,EVI,2023,25.9966868796068
MYS,Malaysia,False,SL.IND.EMPL.ZS,EVI,2024,26.0022237887699
MYS,Malaysia,False,SL.SRV.EMPL.ZS,EVI,2015,60.0120876639206
MYS,Malaysia,False,SL.SRV.EMPL.ZS,EVI,2016,61.1460887965168
MYS,Malaysia,False,SL.SRV.EMPL.ZS,EVI,2017,60.9886193008338
MYS,Malaysia,False,SL.SRV.EMPL.ZS,EVI,2018,62.2615155183785
MYS,Malaysia,False,SL.SRV.EMPL.ZS,EVI,2019,61.8517542998961
MYS,Malaysia,False,SL.SRV.EMPL.ZS,EVI,2020,63.3629009801003
MYS,Malaysia,False,SL.SRV.EMPL.ZS,EVI,2021,63.7810123268587
MYS,Malaysia,False,SL.SRV.EMPL.ZS,EVI,2022,63.9175651142473
MYS,Malaysia,False,SL.SRV.EMPL.ZS,EVI,2023,64.2536465368875
MYS,Malaysia,False,SL.SRV.EMPL.ZS,EVI,2024,64.5608215166271
MYS,Malaysia,False,SL.UEM.1524.ZS,EVI,2015,10.979
MYS,Malaysia,False,SL.UEM.1524.ZS,EVI,2016,10.836
MYS,Malaysia,False,SL.UEM.1524.ZS,EVI,2017,11.277
MYS,Malaysia,False,SL.UEM.1524.ZS,EVI,2018,11.395
MYS,Malaysia,False,SL.UEM.1524.ZS,EVI,2019,11.211
MYS,Malaysia,False,SL.UEM.1524.ZS,EVI,2020,12.365
MYS,Malaysia,False,SL.UEM.1524.ZS,EVI,2021,11.579
MYS,Malaysia,False,SL.UEM.1524.ZS,EVI,2022,12.159
MYS,Malaysia,False,SL.UEM.1524.ZS,EVI,2023,12.146
MYS,Malaysia,False,SL.UEM.1524.ZS,EVI,2024,12.25
MYS,Malaysia,False,SL.UEM.TOTL.ZS,EVI,2015,3.1
MYS,Malaysia,False,SL.UEM.TOTL.ZS,EVI,2016,3.44
MYS,Malaysia,False,SL.UEM.TOTL.ZS,EVI,2017,3.41
MYS,Malaysia,False,SL.UEM.TOTL.ZS,EVI,2018,3.3
MYS,Malaysia,False,SL.UEM.TOTL.ZS,EVI,2019,3.33
MYS,Malaysia,False,SL.UEM.TOTL.ZS,EVI,2020,4.54
MYS,Malaysia,False,SL.UEM.TOTL.ZS,EVI,2021,4.64
MYS,Malaysia,False,SL.UEM.TOTL.ZS,EVI,2022,3.93
MYS,Malaysia,False,SL.UEM.TOTL.ZS,EVI,2023,3.858
MYS,Malaysia,False,SL.UEM.TOTL.ZS,EVI,2024,3.846
PHL,Philippines,False,IT.CEL.SETS.P2,DRI,2015,111.893197374926
PHL,Philippines,False,IT.CEL.SETS.P2,DRI,2016,112.517998777897
PHL,Philippines,False,IT.CEL.SETS.P2,DRI,2017,110.962137119646
PHL,Philippines,False,IT.CEL.SETS.P2,DRI,2018,122.960456861544
PHL,Philippines,False,IT.CEL.SETS.P2,DRI,2019,151.006642923206
PHL,Philippines,False,IT.CEL.SETS.P2,DRI,2020,133.45620905917
PHL,Philippines,False,IT.CEL.SETS.P2,DRI,2021,144.424289981649
PHL,Philippines,False,IT.CEL.SETS.P2,DRI,2022,147.428926406785
PHL,Philippines,False,IT.CEL.SETS.P2,DRI,2023,117.275521687262
PHL,Philippines,False,IT.CEL.SETS.P2,DRI,2024,115.298749599352
PHL,Philippines,False,IT.NET.BBND.P2,DRI,2015,2.75369633406674
PHL,Philippines,False,IT.NET.BBND.P2,DRI,2016,2.79705053563184
PHL,Philippines,False,IT.NET.BBND.P2,DRI,2017,3.14400726239576
PHL,Philippines,False,IT.NET.BBND.P2,DRI,2018,3.46090446005956
PHL,Philippines,False,IT.NET.BBND.P2,DRI,2019,5.69730703529922
PHL,Philippines,False,IT.NET.BBND.P2,DRI,2020,7.08108894988907
PHL,Philippines,False,IT.NET.BBND.P2,DRI,2021,8.50897715713263
PHL,Philippines,False,IT.NET.BBND.P2,DRI,2022,7.63946525096298
PHL,Philippines,False,IT.NET.BBND.P2,DRI,2023,6.5393085505183
PHL,Philippines,False,IT.NET.BBND.P2,DRI,2024,7.13893301204977
PHL,Philippines,False,IT.NET.USER.ZS,DRI,2015,36.90000153
PHL,Philippines,False,IT.NET.USER.ZS,DRI,2016,39.20000076
PHL,Philippines,False,IT.NET.USER.ZS,DRI,2017,41.59999847
PHL,Philippines,False,IT.NET.USER.ZS,DRI,2018,44.09999847
PHL,Philippines,False,IT.NET.USER.ZS,DRI,2019,43.0266118680279
PHL,Philippines,False,IT.NET.USER.ZS,DRI,2020,53.76490021
PHL,Philippines,False,IT.NET.USER.ZS,DRI,2021,66.90779877
PHL,Philippines,False,IT.NET.USER.ZS,DRI,2022,75.21114422
PHL,Philippines,False,IT.NET.USER.ZS,DRI,2023,77.86699677
PHL,Philippines,False,IT.NET.USER.ZS,DRI,2024,67.26300914
PHL,Philippines,False,SL.AGR.EMPL.ZS,EVI,2015,27.851386470164
PHL,Philippines,False,SL.AGR.EMPL.ZS,EVI,2016,26.7234128847963
PHL,Philippines,False,SL.AGR.EMPL.ZS,EVI,2017,25.1806891263771
PHL,Philippines,False,SL.AGR.EMPL.ZS,EVI,2018,24.0341655328165
PHL,Philippines,False,SL.AGR.EMPL.ZS,EVI,2019,22.6054798824319
PHL,Philippines,False,SL.AGR.EMPL.ZS,EVI,2020,24.5081370532987
PHL,Philippines,False,SL.AGR.EMPL.ZS,EVI,2021,24.325505789458
PHL,Philippines,False,SL.AGR.EMPL.ZS,EVI,2022,22.8363518329959
PHL,Philippines,False,SL.AGR.EMPL.ZS,EVI,2023,22.0370920130941
PHL,Philippines,False,SL.AGR.EMPL.ZS,EVI,2024,21.1858721910537
PHL,Philippines,False,SL.IND.EMPL.ZS,EVI,2015,17.0786139842483
PHL,Philippines,False,SL.IND.EMPL.ZS,EVI,2016,17.8383742084965
PHL,Philippines,False,SL.IND.EMPL.ZS,EVI,2017,18.6636563552646
PHL,Philippines,False,SL.IND.EMPL.ZS,EVI,2018,19.4736780800466
PHL,Philippines,False,SL.IND.EMPL.ZS,EVI,2019,19.5373267098625
PHL,Philippines,False,SL.IND.EMPL.ZS,EVI,2020,18.7126188899983
PHL,Philippines,False,SL.IND.EMPL.ZS,EVI,2021,18.8641776384679
PHL,Philippines,False,SL.IND.EMPL.ZS,EVI,2022,18.4442054471222
PHL,Philippines,False,SL.IND.EMPL.ZS,EVI,2023,18.9439273601805
PHL,Philippines,False,SL.IND.EMPL.ZS,EVI,2024,19.4979246002047
PHL,Philippines,False,SL.SRV.EMPL.ZS,EVI,2015,55.0699923441241
PHL,Philippines,False,SL.SRV.EMPL.ZS,EVI,2016,55.4382082448058
PHL,Philippines,False,SL.SRV.EMPL.ZS,EVI,2017,56.1556474029791
PHL,Philippines,False,SL.SRV.EMPL.ZS,EVI,2018,56.4921563871369
PHL,Philippines,False,SL.SRV.EMPL.ZS,EVI,2019,57.8572001865167
PHL,Philippines,False,SL.SRV.EMPL.ZS,EVI,2020,56.779244056703
PHL,Philippines,False,SL.SRV.EMPL.ZS,EVI,2021,56.8103235196599
PHL,Philippines,False,SL.SRV.EMPL.ZS,EVI,2022,58.7194427198819
PHL,Philippines,False,SL.SRV.EMPL.ZS,EVI,2023,59.0189887451559
PHL,Philippines,False,SL.SRV.EMPL.ZS,EVI,2024,59.3162032087416
PHL,Philippines,False,SL.UEM.1524.ZS,EVI,2015,8.509
PHL,Philippines,False,SL.UEM.1524.ZS,EVI,2016,7.634
PHL,Philippines,False,SL.UEM.1524.ZS,EVI,2017,7.379
PHL,Philippines,False,SL.UEM.1524.ZS,EVI,2018,6.605
PHL,Philippines,False,SL.UEM.1524.ZS,EVI,2019,6.696
PHL,Philippines,False,SL.UEM.1524.ZS,EVI,2020,6.987
PHL,Philippines,False,SL.UEM.1524.ZS,EVI,2021,8.434
PHL,Philippines,False,SL.UEM.1524.ZS,EVI,2022,6.813
PHL,Philippines,False,SL.UEM.1524.ZS,EVI,2023,6.912
PHL,Philippines,False,SL.UEM.1524.ZS,EVI,2024,6.964
PHL,Philippines,False,SL.UEM.TOTL.ZS,EVI,2015,3.068
PHL,Philippines,False,SL.UEM.TOTL.ZS,EVI,2016,2.695
PHL,Philippines,False,SL.UEM.TOTL.ZS,EVI,2017,2.552
PHL,Philippines,False,SL.UEM.TOTL.ZS,EVI,2018,2.338
PHL,Philippines,False,SL.UEM.TOTL.ZS,EVI,2019,2.237
PHL,Philippines,False,SL.UEM.TOTL.ZS,EVI,2020,2.522
PHL,Philippines,False,SL.UEM.TOTL.ZS,EVI,2021,3.398
PHL,Philippines,False,SL.UEM.TOTL.ZS,EVI,2022,2.598
PHL,Philippines,False,SL.UEM.TOTL.ZS,EVI,2023,2.2
PHL,Philippines,False,SL.UEM.TOTL.ZS,EVI,2024,2.202
SGP,Singapore,False,IT.CEL.SETS.P2,DRI,2015,149.006215002154
SGP,Singapore,False,IT.CEL.SETS.P2,DRI,2016,151.681717052742
SGP,Singapore,False,IT.CEL.SETS.P2,DRI,2017,149.567868255938
SGP,Singapore,False,IT.CEL.SETS.P2,DRI,2018,152.07381696158
SGP,Singapore,False,IT.CEL.SETS.P2,DRI,2019,159.347378272364
SGP,Singapore,False,IT.CEL.SETS.P2,DRI,2020,150.259334715266
SGP,Singapore,False,IT.CEL.SETS.P2,DRI,2021,157.977675166643
SGP,Singapore,False,IT.CEL.SETS.P2,DRI,2022,173.005291258141
SGP,Singapore,False,IT.CEL.SETS.P2,DRI,2023,173.199932977376
SGP,Singapore,False,IT.CEL.SETS.P2,DRI,2024,170.78256295407
SGP,Singapore,False,IT.NET.BBND.P2,DRI,2015,26.8978922564041
SGP,Singapore,False,IT.NET.BBND.P2,DRI,2016,28.5392609803278
SGP,Singapore,False,IT.NET.BBND.P2,DRI,2017,26.3326099315534
SGP,Singapore,False,IT.NET.BBND.P2,DRI,2018,26.50873593831
SGP,Singapore,False,IT.NET.BBND.P2,DRI,2019,26.5276177370284
SGP,Singapore,False,IT.NET.BBND.P2,DRI,2020,26.8622723592787
SGP,Singapore,False,IT.NET.BBND.P2,DRI,2021,27.5210996900631
SGP,Singapore,False,IT.NET.BBND.P2,DRI,2022,27.5510032505086
SGP,Singapore,False,IT.NET.BBND.P2,DRI,2023,27.4343636046425
SGP,Singapore,False,IT.NET.BBND.P2,DRI,2024,27.813655026664
SGP,Singapore,False,IT.NET.USER.ZS,DRI,2015,79.0129570025584
SGP,Singapore,False,IT.NET.USER.ZS,DRI,2016,84.4522678893074
SGP,Singapore,False,IT.NET.USER.ZS,DRI,2017,84.4522678893074
SGP,Singapore,False,IT.NET.USER.ZS,DRI,2018,88.1656360313447
SGP,Singapore,False,IT.NET.USER.ZS,DRI,2019,88.9492526850762
SGP,Singapore,False,IT.NET.USER.ZS,DRI,2020,92.00434653
SGP,Singapore,False,IT.NET.USER.ZS,DRI,2021,96.92468156
SGP,Singapore,False,IT.NET.USER.ZS,DRI,2022,95.95386476
SGP,Singapore,False,IT.NET.USER.ZS,DRI,2023,94.28518987
SGP,Singapore,False,IT.NET.USER.ZS,DRI,2024,94.37757178
SGP,Singapore,False,SL.AGR.EMPL.ZS,EVI,2015,0.121459660055481
SGP,Singapore,False,SL.AGR.EMPL.ZS,EVI,2016,0.118979259162807
SGP,Singapore,False,SL.AGR.EMPL.ZS,EVI,2017,0.117077595142899
SGP,Singapore,False,SL.AGR.EMPL.ZS,EVI,2018,0.115089283007242
SGP,Singapore,False,SL.AGR.EMPL.ZS,EVI,2019,0.113041897035994
SGP,Singapore,False,SL.AGR.EMPL.ZS,EVI,2020,0.108162685533748
SGP,Singapore,False,SL.AGR.EMPL.ZS,EVI,2021,0.107777556138585
SGP,Singapore,False,SL.AGR.EMPL.ZS,EVI,2022,0.0909524456334748
SGP,Singapore,False,SL.AGR.EMPL.ZS,EVI,2023,0.0795801860241645
SGP,Singapore,False,SL.AGR.EMPL.ZS,EVI,2024,0.0979837330273541
SGP,Singapore,False,SL.IND.EMPL.ZS,EVI,2015,17.2904642702552
SGP,Singapore,False,SL.IND.EMPL.ZS,EVI,2016,16.1568033087095
SGP,Singapore,False,SL.IND.EMPL.ZS,EVI,2017,15.8830026161212
SGP,Singapore,False,SL.IND.EMPL.ZS,EVI,2018,16.0388461549063
SGP,Singapore,False,SL.IND.EMPL.ZS,EVI,2019,14.9655328914049
SGP,Singapore,False,SL.IND.EMPL.ZS,EVI,2020,14.8295407728436
SGP,Singapore,False,SL.IND.EMPL.ZS,EVI,2021,14.4449638584304
SGP,Singapore,False,SL.IND.EMPL.ZS,EVI,2022,14.5645681583865
SGP,Singapore,False,SL.IND.EMPL.ZS,EVI,2023,13.8432992197459
SGP,Singapore,False,SL.IND.EMPL.ZS,EVI,2024,14.1625578109794
SGP,Singapore,False,SL.SRV.EMPL.ZS,EVI,2015,82.5880760696893
SGP,Singapore,False,SL.SRV.EMPL.ZS,EVI,2016,83.7242174321277
SGP,Singapore,False,SL.SRV.EMPL.ZS,EVI,2017,83.9999197887359
SGP,Singapore,False,SL.SRV.EMPL.ZS,EVI,2018,83.8460645620865
SGP,Singapore,False,SL.SRV.EMPL.ZS,EVI,2019,84.9214552678997
SGP,Singapore,False,SL.SRV.EMPL.ZS,EVI,2020,85.0622965416227
SGP,Singapore,False,SL.SRV.EMPL.ZS,EVI,2021,85.447258585431
SGP,Singapore,False,SL.SRV.EMPL.ZS,EVI,2022,85.3444494774124
SGP,Singapore,False,SL.SRV.EMPL.ZS,EVI,2023,86.0771205942299
SGP,Singapore,False,SL.SRV.EMPL.ZS,EVI,2024,85.7394584559933
SGP,Singapore,False,SL.UEM.1524.ZS,EVI,2015,8.894
SGP,Singapore,False,SL.UEM.1524.ZS,EVI,2016,8.723
SGP,Singapore,False,SL.UEM.1524.ZS,EVI,2017,9.338
SGP,Singapore,False,SL.UEM.1524.ZS,EVI,2018,8.437
SGP,Singapore,False,SL.UEM.1524.ZS,EVI,2019,7.629
SGP,Singapore,False,SL.UEM.1524.ZS,EVI,2020,10.558
SGP,Singapore,False,SL.UEM.1524.ZS,EVI,2021,9.499
SGP,Singapore,False,SL.UEM.1524.ZS,EVI,2022,7.924
SGP,Singapore,False,SL.UEM.1524.ZS,EVI,2023,8.515
SGP,Singapore,False,SL.UEM.1524.ZS,EVI,2024,6.329
SGP,Singapore,False,SL.UEM.TOTL.ZS,EVI,2015,3.79
SGP,Singapore,False,SL.UEM.TOTL.ZS,EVI,2016,4.08
SGP,Singapore,False,SL.UEM.TOTL.ZS,EVI,2017,4.2
SGP,Singapore,False,SL.UEM.TOTL.ZS,EVI,2018,3.613
SGP,Singapore,False,SL.UEM.TOTL.ZS,EVI,2019,3.1
SGP,Singapore,False,SL.UEM.TOTL.ZS,EVI,2020,4.1
SGP,Singapore,False,SL.UEM.TOTL.ZS,EVI,2021,4.64
SGP,Singapore,False,SL.UEM.TOTL.ZS,EVI,2022,3.591
SGP,Singapore,False,SL.UEM.TOTL.ZS,EVI,2023,3.444
SGP,Singapore,False,SL.UEM.TOTL.ZS,EVI,2024,2.737
THA,Thailand,False,IT.CEL.SETS.P2,DRI,2015,145.932577028654
THA,Thailand,False,IT.CEL.SETS.P2,DRI,2016,168.88127084564
THA,Thailand,False,IT.CEL.SETS.P2,DRI,2017,170.783699598766
THA,Thailand,False,IT.CEL.SETS.P2,DRI,2018,175.266001933225
THA,Thailand,False,IT.CEL.SETS.P2,DRI,2019,181.221874232713
THA,Thailand,False,IT.CEL.SETS.P2,DRI,2020,162.327737376294
THA,Thailand,False,IT.CEL.SETS.P2,DRI,2021,168.485285358167
THA,Thailand,False,IT.CEL.SETS.P2,DRI,2022,176.22279253783
THA,Thailand,False,IT.CEL.SETS.P2,DRI,2023,168.642808295144
THA,Thailand,False,IT.CEL.SETS.P2,DRI,2024,160.639312286761
THA,Thailand,False,IT.NET.BBND.P2,DRI,2015,8.83035128821556
THA,Thailand,False,IT.NET.BBND.P2,DRI,2016,10.187716904417
THA,Thailand,False,IT.NET.BBND.P2,DRI,2017,11.5345396717409
THA,Thailand,False,IT.NET.BBND.P2,DRI,2018,12.8740610702362
THA,Thailand,False,IT.NET.BBND.P2,DRI,2019,14.1338059581469
THA,Thailand,False,IT.NET.BBND.P2,DRI,2020,16.021813562656
THA,Thailand,False,IT.NET.BBND.P2,DRI,2021,17.3168855632327
THA,Thailand,False,IT.NET.BBND.P2,DRI,2022,17.5125815621477
THA,Thailand,False,IT.NET.BBND.P2,DRI,2023,14.5089451983046
THA,Thailand,False,IT.NET.BBND.P2,DRI,2024,14.8870491187484
THA,Thailand,False,IT.NET.USER.ZS,DRI,2015,39.3161267365004
THA,Thailand,False,IT.NET.USER.ZS,DRI,2016,47.5049656215909
THA,Thailand,False,IT.NET.USER.ZS,DRI,2017,52.8919293439676
THA,Thailand,False,IT.NET.USER.ZS,DRI,2018,56.8174809301456
THA,Thailand,False,IT.NET.USER.ZS,DRI,2019,66.6524194587528
THA,Thailand,False,IT.NET.USER.ZS,DRI,2020,77.84374066
THA,Thailand,False,IT.NET.USER.ZS,DRI,2021,85.26956666
THA,Thailand,False,IT.NET.USER.ZS,DRI,2022,87.97724503
THA,Thailand,False,IT.NET.USER.ZS,DRI,2023,89.53525238
THA,Thailand,False,IT.NET.USER.ZS,DRI,2024,90.86718789
THA,Thailand,False,SL.AGR.EMPL.ZS,EVI,2015,32.3345065204086
THA,Thailand,False,SL.AGR.EMPL.ZS,EVI,2016,31.2290600430982
THA,Thailand,False,SL.AGR.EMPL.ZS,EVI,2017,31.5296819916623
THA,Thailand,False,SL.AGR.EMPL.ZS,EVI,2018,32.1983100446982
THA,Thailand,False,SL.AGR.EMPL.ZS,EVI,2019,31.4905856675213
THA,Thailand,False,SL.AGR.EMPL.ZS,EVI,2020,31.3894710294934
THA,Thailand,False,SL.AGR.EMPL.ZS,EVI,2021,31.8973264305607
THA,Thailand,False,SL.AGR.EMPL.ZS,EVI,2022,30.4232397167292
THA,Thailand,False,SL.AGR.EMPL.ZS,EVI,2023,30.2203833465474
THA,Thailand,False,SL.AGR.EMPL.ZS,EVI,2024,28.9863358878798
THA,Thailand,False,SL.IND.EMPL.ZS,EVI,2015,23.7199822557498
THA,Thailand,False,SL.IND.EMPL.ZS,EVI,2016,23.7258928161447
THA,Thailand,False,SL.IND.EMPL.ZS,EVI,2017,22.9001965786271
THA,Thailand,False,SL.IND.EMPL.ZS,EVI,2018,22.8486643164464
THA,Thailand,False,SL.IND.EMPL.ZS,EVI,2019,22.8893483662012
THA,Thailand,False,SL.IND.EMPL.ZS,EVI,2020,22.6027550384991
THA,Thailand,False,SL.IND.EMPL.ZS,EVI,2021,22.2725385292104
THA,Thailand,False,SL.IND.EMPL.ZS,EVI,2022,22.2352690912822
THA,Thailand,False,SL.IND.EMPL.ZS,EVI,2023,21.9241712091058
THA,Thailand,False,SL.IND.EMPL.ZS,EVI,2024,22.2543475044884
THA,Thailand,False,SL.SRV.EMPL.ZS,EVI,2015,43.94552128009
THA,Thailand,False,SL.SRV.EMPL.ZS,EVI,2016,45.0450446122349
THA,Thailand,False,SL.SRV.EMPL.ZS,EVI,2017,45.5701188910502
THA,Thailand,False,SL.SRV.EMPL.ZS,EVI,2018,44.9530256388553
THA,Thailand,False,SL.SRV.EMPL.ZS,EVI,2019,45.6200634452476
THA,Thailand,False,SL.SRV.EMPL.ZS,EVI,2020,46.0077764439411
THA,Thailand,False,SL.SRV.EMPL.ZS,EVI,2021,45.8301350402289
THA,Thailand,False,SL.SRV.EMPL.ZS,EVI,2022,47.3414812840193
THA,Thailand,False,SL.SRV.EMPL.ZS,EVI,2023,47.8554430043835
THA,Thailand,False,SL.SRV.EMPL.ZS,EVI,2024,48.7593092354398
THA,Thailand,False,SL.UEM.1524.ZS,EVI,2015,3.094
THA,Thailand,False,SL.UEM.1524.ZS,EVI,2016,3.714
THA,Thailand,False,SL.UEM.1524.ZS,EVI,2017,4.373
THA,Thailand,False,SL.UEM.1524.ZS,EVI,2018,4.011
THA,Thailand,False,SL.UEM.1524.ZS,EVI,2019,4.19
THA,Thailand,False,SL.UEM.1524.ZS,EVI,2020,5.199
THA,Thailand,False,SL.UEM.1524.ZS,EVI,2021,5.858
THA,Thailand,False,SL.UEM.1524.ZS,EVI,2022,5.208
THA,Thailand,False,SL.UEM.1524.ZS,EVI,2023,4.491
THA,Thailand,False,SL.UEM.1524.ZS,EVI,2024,4.66
THA,Thailand,False,SL.UEM.TOTL.ZS,EVI,2015,0.597
THA,Thailand,False,SL.UEM.TOTL.ZS,EVI,2016,0.688
THA,Thailand,False,SL.UEM.TOTL.ZS,EVI,2017,0.83
THA,Thailand,False,SL.UEM.TOTL.ZS,EVI,2018,0.765
THA,Thailand,False,SL.UEM.TOTL.ZS,EVI,2019,0.716
THA,Thailand,False,SL.UEM.TOTL.ZS,EVI,2020,1.099
THA,Thailand,False,SL.UEM.TOTL.ZS,EVI,2021,1.215
THA,Thailand,False,SL.UEM.TOTL.ZS,EVI,2022,0.94
THA,Thailand,False,SL.UEM.TOTL.ZS,EVI,2023,0.733
THA,Thailand,False,SL.UEM.TOTL.ZS,EVI,2024,0.781
VNM,Vietnam,False,IT.CEL.SETS.P2,DRI,2015,129.627056599416
VNM,Vietnam,False,IT.CEL.SETS.P2,DRI,2016,128.297962650408
VNM,Vietnam,False,IT.CEL.SETS.P2,DRI,2017,126.097912313395
VNM,Vietnam,False,IT.CEL.SETS.P2,DRI,2018,146.137840768403
VNM,Vietnam,False,IT.CEL.SETS.P2,DRI,2019,140.192561828615
VNM,Vietnam,False,IT.CEL.SETS.P2,DRI,2020,141.655558720912
VNM,Vietnam,False,IT.CEL.SETS.P2,DRI,2021,136.806313165021
VNM,Vietnam,False,IT.CEL.SETS.P2,DRI,2022,137.852422819653
VNM,Vietnam,False,IT.CEL.SETS.P2,DRI,2023,130.991428667547
VNM,Vietnam,False,IT.CEL.SETS.P2,DRI,2024,127.606471743496
VNM,Vietnam,False,IT.NET.BBND.P2,DRI,2015,8.24967739226207
VNM,Vietnam,False,IT.NET.BBND.P2,DRI,2016,9.679017739946
VNM,Vietnam,False,IT.NET.BBND.P2,DRI,2017,11.8410316814328
VNM,Vietnam,False,IT.NET.BBND.P2,DRI,2018,13.5025072757898
VNM,Vietnam,False,IT.NET.BBND.P2,DRI,2019,15.2328957557438
VNM,Vietnam,False,IT.NET.BBND.P2,DRI,2020,17.0262915402718
VNM,Vietnam,False,IT.NET.BBND.P2,DRI,2021,19.5362327330994
VNM,Vietnam,False,IT.NET.BBND.P2,DRI,2022,21.3681380805533
VNM,Vietnam,False,IT.NET.BBND.P2,DRI,2023,22.6806675035061
VNM,Vietnam,False,IT.NET.BBND.P2,DRI,2024,23.711259212336
VNM,Vietnam,False,IT.NET.USER.ZS,DRI,2015,45.0
VNM,Vietnam,False,IT.NET.USER.ZS,DRI,2016,53.0
VNM,Vietnam,False,IT.NET.USER.ZS,DRI,2017,58.1400000036297
VNM,Vietnam,False,IT.NET.USER.ZS,DRI,2018,69.8479286837965
VNM,Vietnam,False,IT.NET.USER.ZS,DRI,2019,68.6615802057338
VNM,Vietnam,False,IT.NET.USER.ZS,DRI,2020,70.30000012
VNM,Vietnam,False,IT.NET.USER.ZS,DRI,2021,74.20999985
VNM,Vietnam,False,IT.NET.USER.ZS,DRI,2022,78.58999918
VNM,Vietnam,False,IT.NET.USER.ZS,DRI,2023,78.08
VNM,Vietnam,False,IT.NET.USER.ZS,DRI,2024,84.15
VNM,Vietnam,False,SL.AGR.EMPL.ZS,EVI,2015,44.0184515218041
VNM,Vietnam,False,SL.AGR.EMPL.ZS,EVI,2016,41.8649072066788
VNM,Vietnam,False,SL.AGR.EMPL.ZS,EVI,2017,40.1554391261382
VNM,Vietnam,False,SL.AGR.EMPL.ZS,EVI,2018,37.7241139171479
VNM,Vietnam,False,SL.AGR.EMPL.ZS,EVI,2019,34.5351601063592
VNM,Vietnam,False,SL.AGR.EMPL.ZS,EVI,2020,32.6123879661738
VNM,Vietnam,False,SL.AGR.EMPL.ZS,EVI,2021,29.0283266030004
VNM,Vietnam,False,SL.AGR.EMPL.ZS,EVI,2022,33.4623722339218
VNM,Vietnam,False,SL.AGR.EMPL.ZS,EVI,2023,26.9827056291982
VNM,Vietnam,False,SL.AGR.EMPL.ZS,EVI,2024,25.8741334316538
VNM,Vietnam,False,SL.IND.EMPL.ZS,EVI,2015,22.7436707500954
VNM,Vietnam,False,SL.IND.EMPL.ZS,EVI,2016,24.7622070388361
VNM,Vietnam,False,SL.IND.EMPL.ZS,EVI,2017,25.7768318231697
VNM,Vietnam,False,SL.IND.EMPL.ZS,EVI,2018,26.7047230561435
VNM,Vietnam,False,SL.IND.EMPL.ZS,EVI,2019,29.5891842687317
VNM,Vietnam,False,SL.IND.EMPL.ZS,EVI,2020,31.0698896075906
VNM,Vietnam,False,SL.IND.EMPL.ZS,EVI,2021,33.1255735800284
VNM,Vietnam,False,SL.IND.EMPL.ZS,EVI,2022,30.6825928896503
VNM,Vietnam,False,SL.IND.EMPL.ZS,EVI,2023,33.467876483268
VNM,Vietnam,False,SL.IND.EMPL.ZS,EVI,2024,34.3195198506067
VNM,Vietnam,False,SL.SRV.EMPL.ZS,EVI,2015,33.2378777281005
VNM,Vietnam,False,SL.SRV.EMPL.ZS,EVI,2016,33.37288761068
VNM,Vietnam,False,SL.SRV.EMPL.ZS,EVI,2017,34.0677198752187
VNM,Vietnam,False,SL.SRV.EMPL.ZS,EVI,2018,35.5711648258268
VNM,Vietnam,False,SL.SRV.EMPL.ZS,EVI,2019,35.8756556249091
VNM,Vietnam,False,SL.SRV.EMPL.ZS,EVI,2020,36.3177224262355
VNM,Vietnam,False,SL.SRV.EMPL.ZS,EVI,2021,37.8460942595862
VNM,Vietnam,False,SL.SRV.EMPL.ZS,EVI,2022,35.8550348764279
VNM,Vietnam,False,SL.SRV.EMPL.ZS,EVI,2023,39.5494160842561
VNM,Vietnam,False,SL.SRV.EMPL.ZS,EVI,2024,39.8063485099891
VNM,Vietnam,False,SL.UEM.1524.ZS,EVI,2015,6.267
VNM,Vietnam,False,SL.UEM.1524.ZS,EVI,2016,6.763
VNM,Vietnam,False,SL.UEM.1524.ZS,EVI,2017,7.124
VNM,Vietnam,False,SL.UEM.1524.ZS,EVI,2018,4.648
VNM,Vietnam,False,SL.UEM.1524.ZS,EVI,2019,5.624
VNM,Vietnam,False,SL.UEM.1524.ZS,EVI,2020,6.546
VNM,Vietnam,False,SL.UEM.1524.ZS,EVI,2021,6.903
VNM,Vietnam,False,SL.UEM.1524.ZS,EVI,2022,6.097
VNM,Vietnam,False,SL.UEM.1524.ZS,EVI,2023,6.441
VNM,Vietnam,False,SL.UEM.1524.ZS,EVI,2024,6.338
VNM,Vietnam,False,SL.UEM.TOTL.ZS,EVI,2015,1.848
VNM,Vietnam,False,SL.UEM.TOTL.ZS,EVI,2016,1.848
VNM,Vietnam,False,SL.UEM.TOTL.ZS,EVI,2017,1.874
VNM,Vietnam,False,SL.UEM.TOTL.ZS,EVI,2018,1.161
VNM,Vietnam,False,SL.UEM.TOTL.ZS,EVI,2019,1.681
VNM,Vietnam,False,SL.UEM.TOTL.ZS,EVI,2020,2.103
VNM,Vietnam,False,SL.UEM.TOTL.ZS,EVI,2021,2.383
VNM,Vietnam,False,SL.UEM.TOTL.ZS,EVI,2022,1.57
VNM,Vietnam,False,SL.UEM.TOTL.ZS,EVI,2023,1.645
VNM,Vietnam,False,SL.UEM.TOTL.ZS,EVI,2024,1.602
